MA_ratio,FA_ratio,Cs_ratio,Pb_ratio,Sn_ratio,Other_ratio,I_ratio,Br_ratio,Po_electrode,ETL/ETM,HTL/HTM,Ne_eletrode,Effective area (cm2),Additive_O,Additive_I,Additive_H,Passivation,Step,Solvent,Coated1_s(rpm),Coated1_t (s),Coated2_s(rpm),Coated2_t (s),Anti-solvent,Anneal_T (℃),Anneal_t (min)
0.075,0.125,0,0.1,0.1,0,0.5,0.1,0.5,0.333333333,0.333333333,0.333333333,0.08,0,0,0,0,0,0.75,0.358276141,0.322937891,0,0,0,0.428571429,0.168487694
0.05,0.15,0,0.1,0.1,0,0.5,0.1,0.5,0.333333333,0.333333333,0.333333333,0.08,0,0,0,0,0,0.75,0.358276141,0.322937891,0,0,0,0.428571429,0.168487694
0,0.175,0.025,0.1,0.1,0,0.5,0.1,0.5,0.333333333,0.333333333,0.333333333,0.08,0,0,0,0,0,0.75,0.358276141,0.322937891,0,0,0,0.428571429,0.168487694
0.075,0.125,0,0.1,0.1,0,0.5,0.1,0.5,0.333333333,0.333333333,0.333333333,0.08,0,0,0,0,1,0.75,0.486041971,0.35726419,0,0,0,0.428571429,0.168487694
0.05,0.15,0,0.1,0.1,0,0.5,0.1,0.5,0.333333333,0.333333333,0.333333333,0.08,0,0,0,0,1,0.75,0.486041971,0.35726419,0,0,0,0.428571429,0.168487694
0,0.175,0.025,0.1,0.1,0,0.5,0.1,0.5,0.333333333,0.333333333,0.333333333,0.08,0,0,0,0,1,0.75,0.486041971,0.35726419,0,0,0,0.428571429,0.168487694
