MA,FA,Cs,Pb,Sn,Other,I,Br,Gap,Po,ETL,HTL,Ne,Add_O,Add_I,Add_H,Step,Solvent,Coated1_v,Coated1_t,Coated2_v,Coated2_t,Antisolvent,Anneal_T,Anneal_t
0.04,0.92,0.04,0.5,0.5,0,0.93,0.07,0.53845837,0,0.333333333,0.333333333,0.666666667,1,0,1,0.5,1,0.25,0.3,0,0,1,0.34,0.35
0.04,0.92,0.04,0.45,0.55,0,0.93,0.07,0.53193049,0,0.333333333,0.333333333,0.666666667,1,0,1,0.5,1,0.25,0.3,0,0,1,0.34,0.35
0.04,0.92,0.04,0.35,0.65,0,0.93,0.07,0.53105133,0,0.333333333,0.333333333,0.666666667,1,0,1,0.5,1,0.25,0.3,0,0,1,0.34,0.35
0.04,0.92,0.04,0.8,0.2,0,0.93,0.07,0.55549063,0,0.333333333,0.333333333,0.666666667,1,0,1,0.5,1,0.25,0.3,0,0,1,0.34,0.35
